INMEHY_3,Sel,Acc,Psel,Pacc
NSGAII,1,1,0.3333333333333333,1.0
IBEA,1,1,0.3333333333333333,1.0
SPEA2,1,1,0.3333333333333333,1.0
