INMEHY_3,Sel,Acc,Psel,Pacc
NSGAII,0,0,0.0,NaN
IBEA,1,1,0.3333333333333333,1.0
SPEA2,2,2,0.6666666666666666,1.0
